"filename", "language", "SCSS", "TypeScript", "JSON", "XML", "HTML", "CSS", "comment", "blank", "total"
"/Users/tli/workspace/cyberbook/cyberbook/src/app/app-routing.module.ts", "TypeScript", 0, 55, 0, 0, 0, 0, 3, 4, 62
"/Users/tli/workspace/cyberbook/cyberbook/src/app/app.component.html", "HTML", 0, 0, 0, 0, 30, 0, 0, 6, 36
"/Users/tli/workspace/cyberbook/cyberbook/src/app/app.component.scss", "SCSS", 94, 0, 0, 0, 0, 0, 0, 13, 107
"/Users/tli/workspace/cyberbook/cyberbook/src/app/app.component.spec.ts", "TypeScript", 0, 31, 0, 0, 0, 0, 0, 5, 36
"/Users/tli/workspace/cyberbook/cyberbook/src/app/app.component.ts", "TypeScript", 0, 95, 0, 0, 0, 0, 0, 16, 111
"/Users/tli/workspace/cyberbook/cyberbook/src/app/app.module.ts", "TypeScript", 0, 35, 0, 0, 0, 0, 0, 2, 37
"/Users/tli/workspace/cyberbook/cyberbook/src/app/book/book-routing.module.ts", "TypeScript", 0, 17, 0, 0, 0, 0, 0, 3, 20
"/Users/tli/workspace/cyberbook/cyberbook/src/app/book/book.module.ts", "TypeScript", 0, 29, 0, 0, 0, 0, 0, 2, 31
"/Users/tli/workspace/cyberbook/cyberbook/src/app/book/components/book-header/book-header.component.html", "HTML", 0, 0, 0, 0, 51, 0, 0, 11, 62
"/Users/tli/workspace/cyberbook/cyberbook/src/app/book/components/book-header/book-header.component.scss", "SCSS", 51, 0, 0, 0, 0, 0, 38, 13, 102
"/Users/tli/workspace/cyberbook/cyberbook/src/app/book/components/book-header/book-header.component.scss-theme.scss", "SCSS", 19, 0, 0, 0, 0, 0, 0, 6, 25
"/Users/tli/workspace/cyberbook/cyberbook/src/app/book/components/book-header/book-header.component.spec.ts", "TypeScript", 0, 20, 0, 0, 0, 0, 0, 6, 26
"/Users/tli/workspace/cyberbook/cyberbook/src/app/book/components/book-header/book-header.component.ts", "TypeScript", 0, 68, 0, 0, 0, 0, 11, 14, 93
"/Users/tli/workspace/cyberbook/cyberbook/src/app/book/components/book-home/book-home.component.html", "HTML", 0, 0, 0, 0, 10, 0, 0, 5, 15
"/Users/tli/workspace/cyberbook/cyberbook/src/app/book/components/book-home/book-home.component.scss", "SCSS", 25, 0, 0, 0, 0, 0, 0, 3, 28
"/Users/tli/workspace/cyberbook/cyberbook/src/app/book/components/book-home/book-home.component.scss-theme.scss", "SCSS", 9, 0, 0, 0, 0, 0, 0, 3, 12
"/Users/tli/workspace/cyberbook/cyberbook/src/app/book/components/book-home/book-home.component.spec.ts", "TypeScript", 0, 20, 0, 0, 0, 0, 0, 6, 26
"/Users/tli/workspace/cyberbook/cyberbook/src/app/book/components/book-home/book-home.component.ts", "TypeScript", 0, 45, 0, 0, 0, 0, 1, 9, 55
"/Users/tli/workspace/cyberbook/cyberbook/src/app/book/components/date-divider/date-divider.component.html", "HTML", 0, 0, 0, 0, 15, 0, 0, 1, 16
"/Users/tli/workspace/cyberbook/cyberbook/src/app/book/components/date-divider/date-divider.component.scss", "SCSS", 22, 0, 0, 0, 0, 0, 0, 6, 28
"/Users/tli/workspace/cyberbook/cyberbook/src/app/book/components/date-divider/date-divider.component.scss-theme.scss", "SCSS", 11, 0, 0, 0, 0, 0, 0, 4, 15
"/Users/tli/workspace/cyberbook/cyberbook/src/app/book/components/date-divider/date-divider.component.spec.ts", "TypeScript", 0, 20, 0, 0, 0, 0, 0, 6, 26
"/Users/tli/workspace/cyberbook/cyberbook/src/app/book/components/date-divider/date-divider.component.ts", "TypeScript", 0, 36, 0, 0, 0, 0, 0, 11, 47
"/Users/tli/workspace/cyberbook/cyberbook/src/app/book/components/transaction-item/transaction-item.component.html", "HTML", 0, 0, 0, 0, 25, 0, 0, 1, 26
"/Users/tli/workspace/cyberbook/cyberbook/src/app/book/components/transaction-item/transaction-item.component.scss", "SCSS", 40, 0, 0, 0, 0, 0, 0, 9, 49
"/Users/tli/workspace/cyberbook/cyberbook/src/app/book/components/transaction-item/transaction-item.component.scss-theme.scss", "SCSS", 26, 0, 0, 0, 0, 0, 0, 7, 33
"/Users/tli/workspace/cyberbook/cyberbook/src/app/book/components/transaction-item/transaction-item.component.spec.ts", "TypeScript", 0, 20, 0, 0, 0, 0, 0, 6, 26
"/Users/tli/workspace/cyberbook/cyberbook/src/app/book/components/transaction-item/transaction-item.component.ts", "TypeScript", 0, 41, 0, 0, 0, 0, 0, 5, 46
"/Users/tli/workspace/cyberbook/cyberbook/src/app/book/components/transaction-list/transaction-list.component.html", "HTML", 0, 0, 0, 0, 12, 0, 0, 3, 15
"/Users/tli/workspace/cyberbook/cyberbook/src/app/book/components/transaction-list/transaction-list.component.ts", "TypeScript", 0, 18, 0, 0, 0, 0, 0, 5, 23
"/Users/tli/workspace/cyberbook/cyberbook/src/app/core/core.module.ts", "TypeScript", 0, 79, 0, 0, 0, 0, 2, 2, 83
"/Users/tli/workspace/cyberbook/cyberbook/src/app/core/guards/auto-login.guard.ts", "TypeScript", 0, 30, 0, 0, 0, 0, 1, 5, 36
"/Users/tli/workspace/cyberbook/cyberbook/src/app/core/interceptors/token.interceptor.ts", "TypeScript", 0, 61, 0, 0, 0, 0, 0, 9, 70
"/Users/tli/workspace/cyberbook/cyberbook/src/app/core/model/authenticate-info.ts", "TypeScript", 0, 6, 0, 0, 0, 0, 0, 1, 7
"/Users/tli/workspace/cyberbook/cyberbook/src/app/core/model/book.ts", "TypeScript", 0, 5, 0, 0, 0, 0, 0, 1, 6
"/Users/tli/workspace/cyberbook/cyberbook/src/app/core/model/category.ts", "TypeScript", 0, 11, 0, 0, 0, 0, 0, 2, 13
"/Users/tli/workspace/cyberbook/cyberbook/src/app/core/model/cyberbook-server-response.ts", "TypeScript", 0, 4, 0, 0, 0, 0, 0, 1, 5
"/Users/tli/workspace/cyberbook/cyberbook/src/app/core/model/message-thread.ts", "TypeScript", 0, 7, 0, 0, 0, 0, 1, 2, 10
"/Users/tli/workspace/cyberbook/cyberbook/src/app/core/model/private-message.ts", "TypeScript", 0, 9, 0, 0, 0, 0, 0, 2, 11
"/Users/tli/workspace/cyberbook/cyberbook/src/app/core/model/subscription.ts", "TypeScript", 0, 42, 0, 0, 0, 0, 0, 7, 49
"/Users/tli/workspace/cyberbook/cyberbook/src/app/core/model/transaction.ts", "TypeScript", 0, 13, 0, 0, 0, 0, 0, 3, 16
"/Users/tli/workspace/cyberbook/cyberbook/src/app/core/model/transactionVO.ts", "TypeScript", 0, 33, 0, 0, 0, 0, 0, 6, 39
"/Users/tli/workspace/cyberbook/cyberbook/src/app/core/model/user.ts", "TypeScript", 0, 20, 0, 0, 0, 0, 0, 4, 24
"/Users/tli/workspace/cyberbook/cyberbook/src/app/core/reslovers/load-data.resolver.ts", "TypeScript", 0, 37, 0, 0, 0, 0, 0, 7, 44
"/Users/tli/workspace/cyberbook/cyberbook/src/app/core/services/book.service.ts", "TypeScript", 0, 12, 0, 0, 0, 0, 0, 5, 17
"/Users/tli/workspace/cyberbook/cyberbook/src/app/core/services/category.service.ts", "TypeScript", 0, 46, 0, 0, 0, 0, 0, 10, 56
"/Users/tli/workspace/cyberbook/cyberbook/src/app/core/services/image-upload.service.ts", "TypeScript", 0, 96, 0, 0, 0, 0, 1, 15, 112
"/Users/tli/workspace/cyberbook/cyberbook/src/app/core/services/message-thread.service.ts", "TypeScript", 0, 23, 0, 0, 0, 0, 0, 5, 28
"/Users/tli/workspace/cyberbook/cyberbook/src/app/core/services/private-message.service.ts", "TypeScript", 0, 23, 0, 0, 0, 0, 0, 5, 28
"/Users/tli/workspace/cyberbook/cyberbook/src/app/core/services/pwa.service.ts", "TypeScript", 0, 11, 0, 0, 0, 0, 4, 3, 18
"/Users/tli/workspace/cyberbook/cyberbook/src/app/core/services/subscription.service.ts", "TypeScript", 0, 41, 0, 0, 0, 0, 2, 9, 52
"/Users/tli/workspace/cyberbook/cyberbook/src/app/core/services/transaction.service.ts", "TypeScript", 0, 31, 0, 0, 0, 0, 0, 10, 41
"/Users/tli/workspace/cyberbook/cyberbook/src/app/core/services/user.service.ts", "TypeScript", 0, 55, 0, 0, 0, 0, 0, 11, 66
"/Users/tli/workspace/cyberbook/cyberbook/src/app/core/store/category/category.actions.ts", "TypeScript", 0, 17, 0, 0, 0, 0, 0, 5, 22
"/Users/tli/workspace/cyberbook/cyberbook/src/app/core/store/category/category.effects.ts", "TypeScript", 0, 59, 0, 0, 0, 0, 0, 8, 67
"/Users/tli/workspace/cyberbook/cyberbook/src/app/core/store/category/category.reducer.ts", "TypeScript", 0, 47, 0, 0, 0, 0, 0, 8, 55
"/Users/tli/workspace/cyberbook/cyberbook/src/app/core/store/category/category.selectors.ts", "TypeScript", 0, 29, 0, 0, 0, 0, 0, 6, 35
"/Users/tli/workspace/cyberbook/cyberbook/src/app/core/store/category/index.ts", "TypeScript", 0, 3, 0, 0, 0, 0, 0, 1, 4
"/Users/tli/workspace/cyberbook/cyberbook/src/app/core/store/image-upload/image-upload.actions.ts", "TypeScript", 0, 13, 0, 0, 0, 0, 0, 4, 17
"/Users/tli/workspace/cyberbook/cyberbook/src/app/core/store/image-upload/image-upload.effects.ts", "TypeScript", 0, 10, 0, 0, 0, 0, 9, 5, 24
"/Users/tli/workspace/cyberbook/cyberbook/src/app/core/store/index.ts", "TypeScript", 0, 50, 0, 0, 0, 0, 3, 7, 60
"/Users/tli/workspace/cyberbook/cyberbook/src/app/core/store/message-thread/index.ts", "TypeScript", 0, 3, 0, 0, 0, 0, 0, 1, 4
"/Users/tli/workspace/cyberbook/cyberbook/src/app/core/store/message-thread/message-thread.actions.ts", "TypeScript", 0, 15, 0, 0, 0, 0, 0, 3, 18
"/Users/tli/workspace/cyberbook/cyberbook/src/app/core/store/message-thread/message-thread.effects.ts", "TypeScript", 0, 37, 0, 0, 0, 0, 0, 6, 43
"/Users/tli/workspace/cyberbook/cyberbook/src/app/core/store/message-thread/message-thread.reducer.ts", "TypeScript", 0, 33, 0, 0, 0, 0, 3, 7, 43
"/Users/tli/workspace/cyberbook/cyberbook/src/app/core/store/message-thread/message-thread.selectors.ts", "TypeScript", 0, 26, 0, 0, 0, 0, 0, 7, 33
"/Users/tli/workspace/cyberbook/cyberbook/src/app/core/store/notification/index.ts", "TypeScript", 0, 1, 0, 0, 0, 0, 0, 1, 2
"/Users/tli/workspace/cyberbook/cyberbook/src/app/core/store/notification/notification.actions.ts", "TypeScript", 0, 6, 0, 0, 0, 0, 0, 2, 8
"/Users/tli/workspace/cyberbook/cyberbook/src/app/core/store/notification/notification.effects.ts", "TypeScript", 0, 37, 0, 0, 0, 0, 0, 7, 44
"/Users/tli/workspace/cyberbook/cyberbook/src/app/core/store/private-message/index.ts", "TypeScript", 0, 3, 0, 0, 0, 0, 0, 1, 4
"/Users/tli/workspace/cyberbook/cyberbook/src/app/core/store/private-message/private-message.actions.ts", "TypeScript", 0, 26, 0, 0, 0, 0, 0, 4, 30
"/Users/tli/workspace/cyberbook/cyberbook/src/app/core/store/private-message/private-message.effects.ts", "TypeScript", 0, 60, 0, 0, 0, 0, 0, 7, 67
"/Users/tli/workspace/cyberbook/cyberbook/src/app/core/store/private-message/private-message.reducer.ts", "TypeScript", 0, 33, 0, 0, 0, 0, 0, 7, 40
"/Users/tli/workspace/cyberbook/cyberbook/src/app/core/store/private-message/private-message.selectors.ts", "TypeScript", 0, 27, 0, 0, 0, 0, 0, 7, 34
"/Users/tli/workspace/cyberbook/cyberbook/src/app/core/store/subscription/index.ts", "TypeScript", 0, 3, 0, 0, 0, 0, 0, 1, 4
"/Users/tli/workspace/cyberbook/cyberbook/src/app/core/store/subscription/subscription.actions.ts", "TypeScript", 0, 34, 0, 0, 0, 0, 0, 6, 40
"/Users/tli/workspace/cyberbook/cyberbook/src/app/core/store/subscription/subscription.effects.ts", "TypeScript", 0, 86, 0, 0, 0, 0, 8, 9, 103
"/Users/tli/workspace/cyberbook/cyberbook/src/app/core/store/subscription/subscription.reducer.ts", "TypeScript", 0, 45, 0, 0, 0, 0, 0, 8, 53
"/Users/tli/workspace/cyberbook/cyberbook/src/app/core/store/subscription/subscription.selectors.ts", "TypeScript", 0, 39, 0, 0, 0, 0, 0, 8, 47
"/Users/tli/workspace/cyberbook/cyberbook/src/app/core/store/transaction/index.ts", "TypeScript", 0, 3, 0, 0, 0, 0, 0, 1, 4
"/Users/tli/workspace/cyberbook/cyberbook/src/app/core/store/transaction/transaction.actions.ts", "TypeScript", 0, 26, 0, 0, 0, 0, 0, 6, 32
"/Users/tli/workspace/cyberbook/cyberbook/src/app/core/store/transaction/transaction.effects.ts", "TypeScript", 0, 77, 0, 0, 0, 0, 0, 8, 85
"/Users/tli/workspace/cyberbook/cyberbook/src/app/core/store/transaction/transaction.reducer.ts", "TypeScript", 0, 91, 0, 0, 0, 0, 0, 13, 104
"/Users/tli/workspace/cyberbook/cyberbook/src/app/core/store/transaction/transaction.selectors.ts", "TypeScript", 0, 103, 0, 0, 0, 0, 1, 12, 116
"/Users/tli/workspace/cyberbook/cyberbook/src/app/core/store/ui/index.ts", "TypeScript", 0, 3, 0, 0, 0, 0, 0, 1, 4
"/Users/tli/workspace/cyberbook/cyberbook/src/app/core/store/ui/ui.actions.ts", "TypeScript", 0, 8, 0, 0, 0, 0, 0, 4, 12
"/Users/tli/workspace/cyberbook/cyberbook/src/app/core/store/ui/ui.reducer.ts", "TypeScript", 0, 69, 0, 0, 0, 0, 0, 8, 77
"/Users/tli/workspace/cyberbook/cyberbook/src/app/core/store/ui/ui.selectors.ts", "TypeScript", 0, 26, 0, 0, 0, 0, 1, 8, 35
"/Users/tli/workspace/cyberbook/cyberbook/src/app/core/store/user/index.ts", "TypeScript", 0, 3, 0, 0, 0, 0, 0, 1, 4
"/Users/tli/workspace/cyberbook/cyberbook/src/app/core/store/user/user.actions.ts", "TypeScript", 0, 33, 0, 0, 0, 0, 0, 9, 42
"/Users/tli/workspace/cyberbook/cyberbook/src/app/core/store/user/user.effects.ts", "TypeScript", 0, 172, 0, 0, 0, 0, 0, 16, 188
"/Users/tli/workspace/cyberbook/cyberbook/src/app/core/store/user/user.reducer.ts", "TypeScript", 0, 66, 0, 0, 0, 0, 0, 7, 73
"/Users/tli/workspace/cyberbook/cyberbook/src/app/core/store/user/user.selectors.ts", "TypeScript", 0, 18, 0, 0, 0, 0, 0, 5, 23
"/Users/tli/workspace/cyberbook/cyberbook/src/app/graph/components/graph-chart-line/graph-chart-line.component.html", "HTML", 0, 0, 0, 0, 18, 0, 0, 6, 24
"/Users/tli/workspace/cyberbook/cyberbook/src/app/graph/components/graph-chart-line/graph-chart-line.component.scss", "SCSS", 20, 0, 0, 0, 0, 0, 0, 6, 26
"/Users/tli/workspace/cyberbook/cyberbook/src/app/graph/components/graph-chart-line/graph-chart-line.component.ts", "TypeScript", 0, 201, 0, 0, 0, 0, 0, 23, 224
"/Users/tli/workspace/cyberbook/cyberbook/src/app/graph/components/graph-chart-pie/graph-chart-pie.component.html", "HTML", 0, 0, 0, 0, 20, 0, 0, 6, 26
"/Users/tli/workspace/cyberbook/cyberbook/src/app/graph/components/graph-chart-pie/graph-chart-pie.component.scss", "SCSS", 23, 0, 0, 0, 0, 0, 0, 6, 29
"/Users/tli/workspace/cyberbook/cyberbook/src/app/graph/components/graph-chart-pie/graph-chart-pie.component.scss-theme.scss", "SCSS", 18, 0, 0, 0, 0, 0, 0, 5, 23
"/Users/tli/workspace/cyberbook/cyberbook/src/app/graph/components/graph-chart-pie/graph-chart-pie.component.ts", "TypeScript", 0, 165, 0, 0, 0, 0, 0, 26, 191
"/Users/tli/workspace/cyberbook/cyberbook/src/app/graph/components/graph-header/graph-header.component.html", "HTML", 0, 0, 0, 0, 6, 0, 0, 1, 7
"/Users/tli/workspace/cyberbook/cyberbook/src/app/graph/components/graph-header/graph-header.component.ts", "TypeScript", 0, 19, 0, 0, 0, 0, 0, 5, 24
"/Users/tli/workspace/cyberbook/cyberbook/src/app/graph/components/graph-home/graph-home.component.html", "HTML", 0, 0, 0, 0, 5, 0, 0, 3, 8
"/Users/tli/workspace/cyberbook/cyberbook/src/app/graph/components/graph-home/graph-home.component.scss", "SCSS", 3, 0, 0, 0, 0, 0, 0, 1, 4
"/Users/tli/workspace/cyberbook/cyberbook/src/app/graph/components/graph-home/graph-home.component.ts", "TypeScript", 0, 12, 0, 0, 0, 0, 0, 3, 15
"/Users/tli/workspace/cyberbook/cyberbook/src/app/graph/graph-routing.module.ts", "TypeScript", 0, 34, 0, 0, 0, 0, 0, 4, 38
"/Users/tli/workspace/cyberbook/cyberbook/src/app/graph/graph.module.ts", "TypeScript", 0, 29, 0, 0, 0, 0, 0, 2, 31
"/Users/tli/workspace/cyberbook/cyberbook/src/app/message-center/components/chat/chat.component.html", "HTML", 0, 0, 0, 0, 1, 0, 0, 1, 2
"/Users/tli/workspace/cyberbook/cyberbook/src/app/message-center/components/chat/chat.component.scss", "SCSS", 0, 0, 0, 0, 0, 0, 0, 1, 1
"/Users/tli/workspace/cyberbook/cyberbook/src/app/message-center/components/chat/chat.component.spec.ts", "TypeScript", 0, 20, 0, 0, 0, 0, 0, 6, 26
"/Users/tli/workspace/cyberbook/cyberbook/src/app/message-center/components/chat/chat.component.ts", "TypeScript", 0, 11, 0, 0, 0, 0, 0, 5, 16
"/Users/tli/workspace/cyberbook/cyberbook/src/app/message-center/components/message-center-home/message-center-home.component.html", "HTML", 0, 0, 0, 0, 5, 0, 2, 2, 9
"/Users/tli/workspace/cyberbook/cyberbook/src/app/message-center/components/message-center-home/message-center-home.component.scss", "SCSS", 0, 0, 0, 0, 0, 0, 0, 1, 1
"/Users/tli/workspace/cyberbook/cyberbook/src/app/message-center/components/message-center-home/message-center-home.component.spec.ts", "TypeScript", 0, 20, 0, 0, 0, 0, 0, 6, 26
"/Users/tli/workspace/cyberbook/cyberbook/src/app/message-center/components/message-center-home/message-center-home.component.ts", "TypeScript", 0, 42, 0, 0, 0, 0, 0, 10, 52
"/Users/tli/workspace/cyberbook/cyberbook/src/app/message-center/components/message-thread-item/message-thread-item.component.html", "HTML", 0, 0, 0, 0, 23, 0, 0, 3, 26
"/Users/tli/workspace/cyberbook/cyberbook/src/app/message-center/components/message-thread-item/message-thread-item.component.scss", "SCSS", 34, 0, 0, 0, 0, 0, 1, 10, 45
"/Users/tli/workspace/cyberbook/cyberbook/src/app/message-center/components/message-thread-item/message-thread-item.component.scss-theme.scss", "SCSS", 11, 0, 0, 0, 0, 0, 0, 4, 15
"/Users/tli/workspace/cyberbook/cyberbook/src/app/message-center/components/message-thread-item/message-thread-item.component.spec.ts", "TypeScript", 0, 20, 0, 0, 0, 0, 0, 6, 26
"/Users/tli/workspace/cyberbook/cyberbook/src/app/message-center/components/message-thread-item/message-thread-item.component.ts", "TypeScript", 0, 39, 0, 0, 0, 0, 5, 13, 57
"/Users/tli/workspace/cyberbook/cyberbook/src/app/message-center/components/message-thread-list/message-thread-list.component.html", "HTML", 0, 0, 0, 0, 6, 0, 0, 1, 7
"/Users/tli/workspace/cyberbook/cyberbook/src/app/message-center/components/message-thread-list/message-thread-list.component.scss", "SCSS", 15, 0, 0, 0, 0, 0, 0, 3, 18
"/Users/tli/workspace/cyberbook/cyberbook/src/app/message-center/components/message-thread-list/message-thread-list.component.spec.ts", "TypeScript", 0, 20, 0, 0, 0, 0, 0, 6, 26
"/Users/tli/workspace/cyberbook/cyberbook/src/app/message-center/components/message-thread-list/message-thread-list.component.ts", "TypeScript", 0, 31, 0, 0, 0, 0, 0, 7, 38
"/Users/tli/workspace/cyberbook/cyberbook/src/app/message-center/message-center-routing.module.ts", "TypeScript", 0, 28, 0, 0, 0, 0, 1, 3, 32
"/Users/tli/workspace/cyberbook/cyberbook/src/app/message-center/message-center.module.ts", "TypeScript", 0, 17, 0, 0, 0, 0, 0, 4, 21
"/Users/tli/workspace/cyberbook/cyberbook/src/app/shared/animations/rotate-add-button.animation.ts", "TypeScript", 0, 10, 0, 0, 0, 0, 0, 2, 12
"/Users/tli/workspace/cyberbook/cyberbook/src/app/shared/components/confirmation-alert/confirmation-alert.component.html", "HTML", 0, 0, 0, 0, 15, 0, 0, 1, 16
"/Users/tli/workspace/cyberbook/cyberbook/src/app/shared/components/confirmation-alert/confirmation-alert.component.scss", "SCSS", 23, 0, 0, 0, 0, 0, 0, 8, 31
"/Users/tli/workspace/cyberbook/cyberbook/src/app/shared/components/confirmation-alert/confirmation-alert.component.spec.ts", "TypeScript", 0, 20, 0, 0, 0, 0, 0, 6, 26
"/Users/tli/workspace/cyberbook/cyberbook/src/app/shared/components/confirmation-alert/confirmation-alert.component.ts", "TypeScript", 0, 38, 0, 0, 0, 0, 0, 8, 46
"/Users/tli/workspace/cyberbook/cyberbook/src/app/shared/components/date-range-picker/date-range-picker.component.html", "HTML", 0, 0, 0, 0, 36, 0, 0, 5, 41
"/Users/tli/workspace/cyberbook/cyberbook/src/app/shared/components/date-range-picker/date-range-picker.component.scss", "SCSS", 25, 0, 0, 0, 0, 0, 0, 7, 32
"/Users/tli/workspace/cyberbook/cyberbook/src/app/shared/components/date-range-picker/date-range-picker.component.spec.ts", "TypeScript", 0, 20, 0, 0, 0, 0, 0, 6, 26
"/Users/tli/workspace/cyberbook/cyberbook/src/app/shared/components/date-range-picker/date-range-picker.component.ts", "TypeScript", 0, 49, 0, 0, 0, 0, 0, 10, 59
"/Users/tli/workspace/cyberbook/cyberbook/src/app/shared/components/feedback/feedback.component.html", "HTML", 0, 0, 0, 0, 18, 0, 0, 4, 22
"/Users/tli/workspace/cyberbook/cyberbook/src/app/shared/components/feedback/feedback.component.scss", "SCSS", 24, 0, 0, 0, 0, 0, 0, 8, 32
"/Users/tli/workspace/cyberbook/cyberbook/src/app/shared/components/feedback/feedback.component.spec.ts", "TypeScript", 0, 20, 0, 0, 0, 0, 0, 6, 26
"/Users/tli/workspace/cyberbook/cyberbook/src/app/shared/components/feedback/feedback.component.ts", "TypeScript", 0, 42, 0, 0, 0, 0, 0, 8, 50
"/Users/tli/workspace/cyberbook/cyberbook/src/app/shared/components/image-editor/image-editor.component.html", "HTML", 0, 0, 0, 0, 10, 0, 3, 9, 22
"/Users/tli/workspace/cyberbook/cyberbook/src/app/shared/components/image-editor/image-editor.component.scss", "SCSS", 34, 0, 0, 0, 0, 0, 13, 7, 54
"/Users/tli/workspace/cyberbook/cyberbook/src/app/shared/components/image-editor/image-editor.component.spec.ts", "TypeScript", 0, 20, 0, 0, 0, 0, 0, 6, 26
"/Users/tli/workspace/cyberbook/cyberbook/src/app/shared/components/image-editor/image-editor.component.ts", "TypeScript", 0, 43, 0, 0, 0, 0, 6, 21, 70
"/Users/tli/workspace/cyberbook/cyberbook/src/app/shared/components/nav-bar/nav-bar.component.html", "HTML", 0, 0, 0, 0, 52, 0, 0, 7, 59
"/Users/tli/workspace/cyberbook/cyberbook/src/app/shared/components/nav-bar/nav-bar.component.scss", "SCSS", 41, 0, 0, 0, 0, 0, 0, 10, 51
"/Users/tli/workspace/cyberbook/cyberbook/src/app/shared/components/nav-bar/nav-bar.component.scss-theme.scss", "SCSS", 16, 0, 0, 0, 0, 0, 0, 5, 21
"/Users/tli/workspace/cyberbook/cyberbook/src/app/shared/components/nav-bar/nav-bar.component.spec.ts", "TypeScript", 0, 20, 0, 0, 0, 0, 0, 6, 26
"/Users/tli/workspace/cyberbook/cyberbook/src/app/shared/components/nav-bar/nav-bar.component.ts", "TypeScript", 0, 55, 0, 0, 0, 0, 0, 10, 65
"/Users/tli/workspace/cyberbook/cyberbook/src/app/shared/components/nav-header/nav-header.component.html", "HTML", 0, 0, 0, 0, 19, 0, 0, 4, 23
"/Users/tli/workspace/cyberbook/cyberbook/src/app/shared/components/nav-header/nav-header.component.scss", "SCSS", 35, 0, 0, 0, 0, 0, 2, 8, 45
"/Users/tli/workspace/cyberbook/cyberbook/src/app/shared/components/nav-header/nav-header.component.scss-theme.scss", "SCSS", 8, 0, 0, 0, 0, 0, 0, 3, 11
"/Users/tli/workspace/cyberbook/cyberbook/src/app/shared/components/nav-header/nav-header.component.spec.ts", "TypeScript", 0, 20, 0, 0, 0, 0, 0, 6, 26
"/Users/tli/workspace/cyberbook/cyberbook/src/app/shared/components/nav-header/nav-header.component.ts", "TypeScript", 0, 23, 0, 0, 0, 0, 0, 7, 30
"/Users/tli/workspace/cyberbook/cyberbook/src/app/shared/components/swipeable-item/swipeable-item.component.html", "HTML", 0, 0, 0, 0, 22, 0, 0, 3, 25
"/Users/tli/workspace/cyberbook/cyberbook/src/app/shared/components/swipeable-item/swipeable-item.component.scss", "SCSS", 42, 0, 0, 0, 0, 0, 0, 10, 52
"/Users/tli/workspace/cyberbook/cyberbook/src/app/shared/components/swipeable-item/swipeable-item.component.spec.ts", "TypeScript", 0, 20, 0, 0, 0, 0, 0, 6, 26
"/Users/tli/workspace/cyberbook/cyberbook/src/app/shared/components/swipeable-item/swipeable-item.component.ts", "TypeScript", 0, 98, 0, 0, 0, 0, 1, 23, 122
"/Users/tli/workspace/cyberbook/cyberbook/src/app/shared/components/transaction-editor/transaction-editor.component.html", "HTML", 0, 0, 0, 0, 68, 0, 0, 10, 78
"/Users/tli/workspace/cyberbook/cyberbook/src/app/shared/components/transaction-editor/transaction-editor.component.scss", "SCSS", 46, 0, 0, 0, 0, 0, 0, 11, 57
"/Users/tli/workspace/cyberbook/cyberbook/src/app/shared/components/transaction-editor/transaction-editor.component.spec.ts", "TypeScript", 0, 20, 0, 0, 0, 0, 0, 6, 26
"/Users/tli/workspace/cyberbook/cyberbook/src/app/shared/components/transaction-editor/transaction-editor.component.ts", "TypeScript", 0, 134, 0, 0, 0, 0, 0, 24, 158
"/Users/tli/workspace/cyberbook/cyberbook/src/app/shared/components/type-switcher/type-switcher.component.html", "HTML", 0, 0, 0, 0, 9, 0, 0, 1, 10
"/Users/tli/workspace/cyberbook/cyberbook/src/app/shared/components/type-switcher/type-switcher.component.scss", "SCSS", 23, 0, 0, 0, 0, 0, 0, 5, 28
"/Users/tli/workspace/cyberbook/cyberbook/src/app/shared/components/type-switcher/type-switcher.component.scss-theme.scss", "SCSS", 18, 0, 0, 0, 0, 0, 0, 5, 23
"/Users/tli/workspace/cyberbook/cyberbook/src/app/shared/components/type-switcher/type-switcher.component.ts", "TypeScript", 0, 20, 0, 0, 0, 0, 0, 5, 25
"/Users/tli/workspace/cyberbook/cyberbook/src/app/shared/components/year-month-picker/year-month-picker.component.html", "HTML", 0, 0, 0, 0, 29, 0, 0, 4, 33
"/Users/tli/workspace/cyberbook/cyberbook/src/app/shared/components/year-month-picker/year-month-picker.component.scss", "SCSS", 25, 0, 0, 0, 0, 0, 0, 7, 32
"/Users/tli/workspace/cyberbook/cyberbook/src/app/shared/components/year-month-picker/year-month-picker.component.spec.ts", "TypeScript", 0, 20, 0, 0, 0, 0, 0, 6, 26
"/Users/tli/workspace/cyberbook/cyberbook/src/app/shared/components/year-month-picker/year-month-picker.component.ts", "TypeScript", 0, 32, 0, 0, 0, 0, 0, 7, 39
"/Users/tli/workspace/cyberbook/cyberbook/src/app/shared/constants.ts", "TypeScript", 0, 101, 0, 0, 0, 0, 1, 14, 116
"/Users/tli/workspace/cyberbook/cyberbook/src/app/shared/directives/prevent-scroll.directive.ts", "TypeScript", 0, 10, 0, 0, 0, 0, 0, 2, 12
"/Users/tli/workspace/cyberbook/cyberbook/src/app/shared/directives/swipe-event.directive.ts", "TypeScript", 0, 108, 0, 0, 0, 0, 1, 19, 128
"/Users/tli/workspace/cyberbook/cyberbook/src/app/shared/model/helper-models.ts", "TypeScript", 0, 28, 0, 0, 0, 0, 0, 9, 37
"/Users/tli/workspace/cyberbook/cyberbook/src/app/shared/model/snack-bar.ts", "TypeScript", 0, 15, 0, 0, 0, 0, 0, 2, 17
"/Users/tli/workspace/cyberbook/cyberbook/src/app/shared/pipes/image-url.pipe.ts", "TypeScript", 0, 11, 0, 0, 0, 0, 0, 3, 14
"/Users/tli/workspace/cyberbook/cyberbook/src/app/shared/shared.module.ts", "TypeScript", 0, 109, 0, 0, 0, 0, 4, 8, 121
"/Users/tli/workspace/cyberbook/cyberbook/src/app/shared/utils/calculate-subscription-next-date.ts", "TypeScript", 0, 30, 0, 0, 0, 0, 0, 5, 35
"/Users/tli/workspace/cyberbook/cyberbook/src/app/shared/utils/create-temp-user.ts", "TypeScript", 0, 10, 0, 0, 0, 0, 0, 3, 13
"/Users/tli/workspace/cyberbook/cyberbook/src/app/shared/utils/generate-default-categories.ts", "TypeScript", 0, 88, 0, 0, 0, 0, 0, 12, 100
"/Users/tli/workspace/cyberbook/cyberbook/src/app/shared/utils/get-localstorage-value-by-key.ts", "TypeScript", 0, 8, 0, 0, 0, 0, 0, 1, 9
"/Users/tli/workspace/cyberbook/cyberbook/src/app/shared/utils/get-month-summary.ts", "TypeScript", 0, 27, 0, 0, 0, 0, 0, 4, 31
"/Users/tli/workspace/cyberbook/cyberbook/src/app/user/components/authenticate/authenticate.component.html", "HTML", 0, 0, 0, 0, 65, 0, 3, 9, 77
"/Users/tli/workspace/cyberbook/cyberbook/src/app/user/components/authenticate/authenticate.component.scss", "SCSS", 78, 0, 0, 0, 0, 0, 0, 17, 95
"/Users/tli/workspace/cyberbook/cyberbook/src/app/user/components/authenticate/authenticate.component.ts", "TypeScript", 0, 146, 0, 0, 0, 0, 4, 21, 171
"/Users/tli/workspace/cyberbook/cyberbook/src/app/user/components/category-editor/category-editor.component.html", "HTML", 0, 0, 0, 0, 42, 0, 0, 5, 47
"/Users/tli/workspace/cyberbook/cyberbook/src/app/user/components/category-editor/category-editor.component.scss", "SCSS", 80, 0, 0, 0, 0, 0, 0, 22, 102
"/Users/tli/workspace/cyberbook/cyberbook/src/app/user/components/category-editor/category-editor.component.scss-theme.scss", "SCSS", 13, 0, 0, 0, 0, 0, 0, 4, 17
"/Users/tli/workspace/cyberbook/cyberbook/src/app/user/components/category-editor/category-editor.component.spec.ts", "TypeScript", 0, 20, 0, 0, 0, 0, 0, 6, 26
"/Users/tli/workspace/cyberbook/cyberbook/src/app/user/components/category-editor/category-editor.component.ts", "TypeScript", 0, 81, 0, 0, 0, 0, 0, 16, 97
"/Users/tli/workspace/cyberbook/cyberbook/src/app/user/components/manage-categories/manage-categories.component.html", "HTML", 0, 0, 0, 0, 47, 0, 0, 5, 52
"/Users/tli/workspace/cyberbook/cyberbook/src/app/user/components/manage-categories/manage-categories.component.scss", "SCSS", 83, 0, 0, 0, 0, 0, 1, 20, 104
"/Users/tli/workspace/cyberbook/cyberbook/src/app/user/components/manage-categories/manage-categories.component.scss-theme.scss", "SCSS", 28, 0, 0, 0, 0, 0, 0, 9, 37
"/Users/tli/workspace/cyberbook/cyberbook/src/app/user/components/manage-categories/manage-categories.component.ts", "TypeScript", 0, 244, 0, 0, 0, 0, 8, 41, 293
"/Users/tli/workspace/cyberbook/cyberbook/src/app/user/components/profile/profile.component.html", "HTML", 0, 0, 0, 0, 38, 0, 0, 10, 48
"/Users/tli/workspace/cyberbook/cyberbook/src/app/user/components/profile/profile.component.scss", "SCSS", 18, 0, 0, 0, 0, 0, 0, 5, 23
"/Users/tli/workspace/cyberbook/cyberbook/src/app/user/components/profile/profile.component.scss-theme.scss", "SCSS", 9, 0, 0, 0, 0, 0, 0, 3, 12
"/Users/tli/workspace/cyberbook/cyberbook/src/app/user/components/profile/profile.component.ts", "TypeScript", 0, 62, 0, 0, 0, 0, 2, 12, 76
"/Users/tli/workspace/cyberbook/cyberbook/src/app/user/components/subscription-editor/subscription-editor.component.html", "HTML", 0, 0, 0, 0, 94, 0, 5, 10, 109
"/Users/tli/workspace/cyberbook/cyberbook/src/app/user/components/subscription-editor/subscription-editor.component.scss", "SCSS", 70, 0, 0, 0, 0, 0, 3, 17, 90
"/Users/tli/workspace/cyberbook/cyberbook/src/app/user/components/subscription-editor/subscription-editor.component.ts", "TypeScript", 0, 219, 0, 0, 0, 0, 0, 37, 256
"/Users/tli/workspace/cyberbook/cyberbook/src/app/user/components/subscription-management/subscription-management.component.html", "HTML", 0, 0, 0, 0, 52, 0, 0, 4, 56
"/Users/tli/workspace/cyberbook/cyberbook/src/app/user/components/subscription-management/subscription-management.component.scss", "SCSS", 105, 0, 0, 0, 0, 0, 2, 24, 131
"/Users/tli/workspace/cyberbook/cyberbook/src/app/user/components/subscription-management/subscription-management.component.scss-theme.scss", "SCSS", 39, 0, 0, 0, 0, 0, 0, 13, 52
"/Users/tli/workspace/cyberbook/cyberbook/src/app/user/components/subscription-management/subscription-management.component.ts", "TypeScript", 0, 118, 0, 0, 0, 0, 0, 22, 140
"/Users/tli/workspace/cyberbook/cyberbook/src/app/user/components/theme-selector/theme-selector.component.html", "HTML", 0, 0, 0, 0, 28, 0, 0, 8, 36
"/Users/tli/workspace/cyberbook/cyberbook/src/app/user/components/theme-selector/theme-selector.component.scss", "SCSS", 81, 0, 0, 0, 0, 0, 0, 16, 97
"/Users/tli/workspace/cyberbook/cyberbook/src/app/user/components/theme-selector/theme-selector.component.scss-theme.scss", "SCSS", 10, 0, 0, 0, 0, 0, 0, 3, 13
"/Users/tli/workspace/cyberbook/cyberbook/src/app/user/components/theme-selector/theme-selector.component.ts", "TypeScript", 0, 93, 0, 0, 0, 0, 0, 12, 105
"/Users/tli/workspace/cyberbook/cyberbook/src/app/user/components/user-home/user-home.component.html", "HTML", 0, 0, 0, 0, 88, 0, 9, 12, 109
"/Users/tli/workspace/cyberbook/cyberbook/src/app/user/components/user-home/user-home.component.scss", "SCSS", 123, 0, 0, 0, 0, 0, 5, 29, 157
"/Users/tli/workspace/cyberbook/cyberbook/src/app/user/components/user-home/user-home.component.scss-theme.scss", "SCSS", 32, 0, 0, 0, 0, 0, 0, 9, 41
"/Users/tli/workspace/cyberbook/cyberbook/src/app/user/components/user-home/user-home.component.spec.ts", "TypeScript", 0, 20, 0, 0, 0, 0, 0, 6, 26
"/Users/tli/workspace/cyberbook/cyberbook/src/app/user/components/user-home/user-home.component.ts", "TypeScript", 0, 124, 0, 0, 0, 0, 8, 17, 149
"/Users/tli/workspace/cyberbook/cyberbook/src/app/user/components/user/user.component.html", "HTML", 0, 0, 0, 0, 1, 0, 0, 1, 2
"/Users/tli/workspace/cyberbook/cyberbook/src/app/user/components/user/user.component.spec.ts", "TypeScript", 0, 20, 0, 0, 0, 0, 0, 6, 26
"/Users/tli/workspace/cyberbook/cyberbook/src/app/user/components/user/user.component.ts", "TypeScript", 0, 10, 0, 0, 0, 0, 0, 5, 15
"/Users/tli/workspace/cyberbook/cyberbook/src/app/user/guards/can-leave-auth.guard.ts", "TypeScript", 0, 18, 0, 0, 0, 0, 0, 4, 22
"/Users/tli/workspace/cyberbook/cyberbook/src/app/user/guards/can-register.guard.ts", "TypeScript", 0, 33, 0, 0, 0, 0, 0, 5, 38
"/Users/tli/workspace/cyberbook/cyberbook/src/app/user/user-routing.module.ts", "TypeScript", 0, 64, 0, 0, 0, 0, 0, 3, 67
"/Users/tli/workspace/cyberbook/cyberbook/src/app/user/user.module.ts", "TypeScript", 0, 45, 0, 0, 0, 0, 0, 2, 47
"/Users/tli/workspace/cyberbook/cyberbook/src/assets/fonts/material-icons/baseline.css", "CSS", 0, 0, 0, 0, 0, 4081, 5, 1352, 5438
"/Users/tli/workspace/cyberbook/cyberbook/src/assets/fonts/material-icons/outline.css", "CSS", 0, 0, 0, 0, 0, 4081, 5, 1352, 5438
"/Users/tli/workspace/cyberbook/cyberbook/src/assets/fonts/material-icons/twotone.css", "CSS", 0, 0, 0, 0, 0, 6496, 5, 2157, 8658
"/Users/tli/workspace/cyberbook/cyberbook/src/assets/icons/browserconfig.xml", "XML", 0, 0, 0, 2, 0, 0, 0, 0, 2
"/Users/tli/workspace/cyberbook/cyberbook/src/assets/icons/manifest.json", "JSON", 0, 0, 41, 0, 0, 0, 0, 0, 41
"/Users/tli/workspace/cyberbook/cyberbook/src/assets/images/Untitled-3.svg", "XML", 0, 0, 0, 17, 0, 0, 3, 2, 22
"/Users/tli/workspace/cyberbook/cyberbook/src/assets/images/cyberpunk-texture.svg", "XML", 0, 0, 0, 20, 0, 0, 0, 2, 22
"/Users/tli/workspace/cyberbook/cyberbook/src/assets/images/github.svg", "XML", 0, 0, 0, 1, 0, 0, 0, 1, 2
"/Users/tli/workspace/cyberbook/cyberbook/src/assets/images/登录logo.svg", "XML", 0, 0, 0, 13, 0, 0, 1, 1, 15
"/Users/tli/workspace/cyberbook/cyberbook/src/assets/themes/blade-runner-2049.scss", "SCSS", 112, 0, 0, 0, 0, 0, 1, 12, 125
"/Users/tli/workspace/cyberbook/cyberbook/src/assets/themes/cyberpunk-2077.scss", "SCSS", 112, 0, 0, 0, 0, 0, 1, 11, 124
"/Users/tli/workspace/cyberbook/cyberbook/src/assets/themes/seasons-autumn.scss", "SCSS", 79, 0, 0, 0, 0, 0, 0, 9, 88
"/Users/tli/workspace/cyberbook/cyberbook/src/assets/themes/seasons-spring.scss", "SCSS", 79, 0, 0, 0, 0, 0, 0, 9, 88
"/Users/tli/workspace/cyberbook/cyberbook/src/assets/themes/seasons-summer.scss", "SCSS", 79, 0, 0, 0, 0, 0, 0, 9, 88
"/Users/tli/workspace/cyberbook/cyberbook/src/assets/themes/seasons-winter.scss", "SCSS", 79, 0, 0, 0, 0, 0, 0, 9, 88
"/Users/tli/workspace/cyberbook/cyberbook/src/environments/environment.local-test.ts", "TypeScript", 0, 4, 0, 0, 0, 0, 0, 1, 5
"/Users/tli/workspace/cyberbook/cyberbook/src/environments/environment.prod.ts", "TypeScript", 0, 4, 0, 0, 0, 0, 0, 1, 5
"/Users/tli/workspace/cyberbook/cyberbook/src/environments/environment.test.ts", "TypeScript", 0, 4, 0, 0, 0, 0, 0, 1, 5
"/Users/tli/workspace/cyberbook/cyberbook/src/environments/environment.ts", "TypeScript", 0, 7, 0, 0, 0, 0, 11, 3, 21
"/Users/tli/workspace/cyberbook/cyberbook/src/index.html", "HTML", 0, 0, 0, 0, 34, 0, 0, 2, 36
"/Users/tli/workspace/cyberbook/cyberbook/src/main.ts", "TypeScript", 0, 14, 0, 0, 0, 0, 0, 4, 18
"/Users/tli/workspace/cyberbook/cyberbook/src/manifest.json", "JSON", 0, 0, 69, 0, 0, 0, 0, 1, 70
"/Users/tli/workspace/cyberbook/cyberbook/src/manifest.webmanifest", "JSON", 0, 0, 59, 0, 0, 0, 0, 1, 60
"/Users/tli/workspace/cyberbook/cyberbook/src/polyfills.ts", "TypeScript", 0, 1, 0, 0, 0, 0, 55, 8, 64
"/Users/tli/workspace/cyberbook/cyberbook/src/styles.scss", "SCSS", 175, 0, 0, 0, 0, 0, 9, 33, 217
"/Users/tli/workspace/cyberbook/cyberbook/src/test.ts", "TypeScript", 0, 13, 0, 0, 0, 0, 4, 4, 21
"Total", "-", 2265, 6026, 169, 53, 994, 14658, 279, 6598, 31042